{
    "f1": 0.5276073619631902,
    "roc_auc": 0.8167832343765724
}