{
    "f1": 0.5297741273100616,
    "roc_auc": 0.8157202878132234
}